{
   "id" : "standalonenoauthssl",
   "name": "mongod",
   "procParams": {
      "ipv6": true,
      "bind_ip": "127.0.0.1,::1",
      "logappend": true,
      "journal": true,
      "port": 27017,
      "setParameter": {"ocspEnabled": true}
   },
   "sslParams": {
      "sslOnNormalPorts": true,
      "sslPEMKeyFile": "ABSOLUTE_PATH_REPLACEMENT_TOKEN/.evergreen/ocsp/ecdsa/server-mustStaple.pem",
      "sslCAFile": "ABSOLUTE_PATH_REPLACEMENT_TOKEN/.evergreen/ocsp/ecdsa/ca.pem",
      "sslWeakCertificateValidation" : true,
      "sslAllowInvalidCertificates": true
   }
}
